x,y,habitat_suitability
-65.015,17.884999999999998,0
-65.005,17.884999999999998,0.03887847881774564
-64.99499999999999,17.884999999999998,0.076090486097244
-64.985,17.884999999999998,0.11142662970270811
-64.975,17.884999999999998,0.14465439018688975
-64.965,17.884999999999998,0.17551881554462223
-64.955,17.884999999999998,0.20374503553672318
-64.945,17.884999999999998,0.22904322618477546
-64.935,17.884999999999998,0.2511165914431356
-64.925,17.884999999999998,0.2696726719555764
-64.91499999999999,17.884999999999998,0.28443778285859556
-64.905,17.884999999999998,0.29517363754743964
-64.895,17.884999999999998,0.30169437210105243
-64.88499999999999,17.884999999999998,0.3038815238278816
-64.875,17.884999999999998,0.30169437210105243
-64.865,17.884999999999998,0.29517363754745074
-64.855,17.884999999999998,0.3029068809236548
-64.845,17.884999999999998,0.3319463788809772
-64.835,17.884999999999998,0.3575426748219165
-64.825,17.884999999999998,0.37926967311593174
-64.815,17.884999999999998,0.396709180506999
-64.80499999999999,17.884999999999998,0.40948121346669886
-64.795,17.884999999999998,0.41727878719760425
-64.785,17.884999999999998,0.41990126985656184
-64.77499999999999,17.884999999999998,0.41990126985656184
-64.765,17.884999999999998,0.41990126985656184
-64.755,17.884999999999998,0.41990126985656184
-64.745,17.884999999999998,0.4172787871976108
-64.735,17.884999999999998,0.40948121346669886
-64.725,17.884999999999998,0.396709180506999
-64.715,17.884999999999998,0.3792696731159567
-64.705,17.884999999999998,0.3592864848197246
-64.695,17.884999999999998,0.39603243820491496
-64.685,17.884999999999998,0.4297911888497338
-64.675,17.884999999999998,0.4600021977026054
-64.66499999999999,17.884999999999998,0.48603946618963767
-64.655,17.884999999999998,0.507240931207041
-64.645,17.884999999999998,0.5229613902038048
-64.635,17.884999999999998,0.5326474174309088
-64.625,17.884999999999998,0.5359210158852421
-64.615,17.884999999999998,0.5326474174309171
-64.605,17.884999999999998,0.5229613902038048
-64.595,17.884999999999998,0.507240931207041
-64.585,17.884999999999998,0.48603946618960736
-64.575,17.884999999999998,0.5089641905401048
-64.565,17.884999999999998,0.5377495151640086
-64.55499999999999,17.884999999999998,0.5614423884595008
-64.545,17.884999999999998,0.5791817851374721
-64.535,17.884999999999998,0.5901938449283657
-64.525,17.884999999999998,0.5939308888996007
-64.515,17.884999999999998,0.6145335973397306
-64.505,17.884999999999998,0.6348419586389769
-64.495,17.884999999999998,0.6475882752977127
-64.485,17.884999999999998,0.6519407619139224
-64.475,17.884999999999998,0.6475882752977236
-65.015,17.874999999999996,0.039463369759140554
-65.005,17.874999999999996,0.08001037382453269
-64.99499999999999,17.874999999999996,0.11896016993156555
-64.985,17.874999999999996,0.1560915761029117
-64.975,17.874999999999996,0.19115412486356298
-64.965,17.874999999999996,0.2238673774831288
-64.955,17.874999999999996,0.25392224125012386
-64.945,17.874999999999996,0.2809852762601196
-64.935,17.874999999999996,0.30470703986832703
-64.925,17.874999999999996,0.32473530778030213
-64.91499999999999,17.874999999999996,0.3407333729947648
-64.905,17.874999999999996,0.3524024836038676
-64.895,17.874999999999996,0.3595059891921242
-64.88499999999999,17.874999999999996,0.3618913968422217
-64.875,17.874999999999996,0.3595059891921242
-64.865,17.874999999999996,0.3524024836038796
-64.855,17.874999999999996,0.35950598919211807
-64.845,17.874999999999996,0.38164407534189204
-64.835,17.874999999999996,0.4093918913455471
-64.825,17.874999999999996,0.43310396073380686
-64.815,17.874999999999996,0.4522559049883871
-64.80499999999999,17.874999999999996,0.4663565226459495
-64.795,17.874999999999996,0.47499864639547085
-64.785,17.874999999999996,0.477911142870902
-64.77499999999999,17.874999999999996,0.477911142870902
-64.765,17.874999999999996,0.477911142870902
-64.755,17.874999999999996,0.477911142870902
-64.745,17.874999999999996,0.4749986463954783
-64.735,17.874999999999996,0.4663565226459495
-64.725,17.874999999999996,0.4522559049883871
-64.715,17.874999999999996,0.43310396073383417
-64.705,17.874999999999996,0.4094800538177169
-64.695,17.874999999999996,0.43936818098542596
-64.685,17.874999999999996,0.4759130986293102
-64.675,17.874999999999996,0.5089554680528166
-64.66499999999999,17.874999999999996,0.5377435851301563
-64.655,17.874999999999996,0.5614388726003816
-64.645,17.874999999999996,0.5791801566592123
-64.635,17.874999999999996,0.5901934268683077
-64.625,17.874999999999996,0.5939308888995822
-64.615,17.874999999999996,0.5901934268683171
-64.605,17.874999999999996,0.5791801566592123
-64.595,17.874999999999996,0.5614388726003816
-64.585,17.874999999999996,0.5377435851301227
-64.575,17.874999999999996,0.555732554300016
-64.565,17.874999999999996,0.5877726785128994
-64.55499999999999,17.874999999999996,0.614529596266174
-64.545,17.874999999999996,0.6348400814810276
-64.535,17.874999999999996,0.6475877890337021
-64.525,17.874999999999996,0.6519407619139408
-64.515,17.874999999999996,0.6659801023581309
-64.505,17.874999999999996,0.6896381432538724
-64.495,17.874999999999996,0.7047414757084838
-64.485,17.874999999999996,0.7099506349282625
-64.475,17.874999999999996,0.7047414757084969
-65.015,17.865,0.07696613478751035
-65.005,17.865,0.1192403688458119
-64.99499999999999,17.865,0.16000960857336288
-64.985,17.865,0.1990440049640474
-64.975,17.865,0.23607757400502738
-64.965,17.865,0.27080540408156806
-64.955,17.865,0.3028828194145028
-64.945,17.865,0.3319279325394573
-64.935,17.865,0.357529354452332
-64.925,17.865,0.3792608496548102
-64.91499999999999,17.865,0.39670407382289996
-64.905,17.865,0.4094788947352159
-64.895,17.865,0.4172781997569698
-64.88499999999999,17.865,0.41990126985656184
-64.875,17.865,0.4172781997569698
-64.865,17.865,0.409478894735229
-64.855,17.865,0.417278199756963
-64.845,17.865,0.42976956681273226
-64.835,17.865,0.4599863422773398
-64.825,17.865,0.48602880460023534
-64.815,17.865,0.5072346760046347
-64.80499999999999,17.865,0.5229585184884746
-64.795,17.865,0.5326466846211559
-64.785,17.865,0.5359210158852421
-64.77499999999999,17.865,0.5359210158852421
-64.765,17.865,0.5359210158852421
-64.755,17.865,0.5359210158852421
-64.745,17.865,0.5326466846211644
-64.735,17.865,0.5229585184884746
-64.725,17.865,0.5072346760046347
-64.715,17.865,0.48602880460026543
-64.705,17.865,0.466355239715046
-64.695,17.865,0.47983700152620146
-64.685,17.865,0.519452020535542
-64.675,17.865,0.5557229159522262
-64.66499999999999,17.865,0.5877660305056083
-64.655,17.865,0.6145255971778643
-64.645,17.865,0.6348382052446797
-64.635,17.865,0.6475873030065269
-64.625,17.865,0.6519407619139224
-64.615,17.865,0.6475873030065379
-64.605,17.865,0.6348382052446797
-64.595,17.865,0.6145255971778643
-64.585,17.865,0.5901930090119154
-64.575,17.865,0.5995486925587985
-64.565,17.865,0.6354214650134287
-64.55499999999999,17.865,0.665975486159877
-64.545,17.865,0.6896359352115786
-64.535,17.865,0.7047408954595131
-64.525,17.865,0.7099506349282809
-64.515,17.865,0.7148955864277381
-64.505,17.865,0.7430197292364105
-64.495,17.865,0.7614806940763253
-64.485,17.865,0.7679605079426026
-64.475,17.865,0.7614806940763416
-65.015,17.854999999999997,0.11225978187089469
-65.005,17.854999999999997,0.15630312002424063
-64.99499999999999,17.854999999999997,0.19895891712959757
-64.985,17.854999999999997,0.23999350754077997
-64.975,17.854999999999997,0.2791299826841249
-64.965,17.854999999999997,0.31604243079989824
-64.955,17.854999999999997,0.35035163932239566
-64.945,17.854999999999997,0.38162415135262384
-64.935,17.854999999999997,0.40937740514178766
-64.925,17.854999999999997,0.43309430173387475
-64.91499999999999,17.854999999999997,0.4522502818098597
-64.905,17.854999999999997,0.4663539574116583
-64.895,17.854999999999997,0.4749979945290873
-64.88499999999999,17.854999999999997,0.4779111428709204
-64.875,17.854999999999997,0.4749979945290873
-64.865,17.854999999999997,0.46635395741167296
-64.855,17.854999999999997,0.4749979945290801
-64.845,17.854999999999997,0.4779111428709204
-64.835,17.854999999999997,0.508938036261398
-64.825,17.854999999999997,0.5377317339374401
-64.815,17.854999999999997,0.5614318460934248
-64.80499999999999,17.854999999999997,0.579176902096247
-64.795,17.854999999999997,0.5901925913591747
-64.785,17.854999999999997,0.5939308888996007
-64.77499999999999,17.854999999999997,0.5939308888996007
-64.765,17.854999999999997,0.5939308888996007
-64.755,17.854999999999997,0.5939308888996007
-64.745,17.854999999999997,0.5901925913591842
-64.735,17.854999999999997,0.579176902096247
-64.725,17.854999999999997,0.5614318460934248
-64.715,17.854999999999997,0.5377317339374736
-64.705,17.854999999999997,0.5229570836848867
-64.695,17.854999999999997,0.5326463184840589
-64.685,17.854999999999997,0.5596411356058376
-64.675,17.854999999999997,0.5995380022395409
-64.66499999999999,17.854999999999997,0.635413949985784
-64.655,17.854999999999997,0.665970872268799
-64.645,17.854999999999997,0.6896337282581096
-64.635,17.854999999999997,0.7047403154936219
-64.625,17.854999999999997,0.7099506349282809
-64.615,17.854999999999997,0.704740315493635
-64.605,17.854999999999997,0.6896337282581096
-64.595,17.854999999999997,0.665970872268799
-64.585,17.854999999999997,0.6475868172164023
-64.575,17.854999999999997,0.6393350236858808
-64.565,17.854999999999997,0.6796346749277061
-64.55499999999999,17.854999999999997,0.7148901795547304
-64.545,17.854999999999997,0.7430170631779167
-64.535,17.854999999999997,0.7614799759720899
-64.525,17.854999999999997,0.7679605079426395
-64.515,17.854999999999997,0.7614799759720736
-64.505,17.854999999999997,0.7938846743032334
-64.495,17.854999999999997,0.8174195708676386
-64.485,17.854999999999997,0.8259703809569612
-64.475,17.854999999999997,0.8174195708676599
-65.015,17.845,0.14507067327238388
-65.005,17.845,0.19090074496360865
-64.99499999999999,17.845,0.23548704495057038
-64.985,17.845,0.2785989217412219
-64.975,17.845,0.3199559010577885
-64.965,17.845,0.35921810186041037
-64.955,17.845,0.3959768967231678
-64.945,17.845,0.42974796662977943
-64.935,17.845,0.4599705027421611
-64.925,17.845,0.48601815360401535
-64.91499999999999,17.845,0.5072284269670204
-64.905,17.845,0.5229556495841663
-64.895,17.845,0.5326459525254716
-64.88499999999999,17.845,0.5359210158852421
-64.875,17.845,0.5326459525254716
-64.865,17.845,0.5229556495841825
-64.855,17.845,0.5326459525254634
-64.845,17.845,0.5359210158852421
-64.835,17.845,0.5557036539427179
-64.825,17.845,0.587752744509791
-64.815,17.845,0.6145176049591523
-64.80499999999999,17.845,0.6348344555378067
-64.795,17.845,0.647586331663248
-64.785,17.845,0.6519407619139224
-64.77499999999999,17.845,0.6519407619139224
-64.765,17.845,0.6519407619139224
-64.755,17.845,0.6519407619139224
-64.745,17.845,0.647586331663259
-64.735,17.845,0.6348344555378067
-64.725,17.845,0.6145176049591523
-64.715,17.845,0.5877527445098285
-64.705,17.845,0.5791752760118476
-64.695,17.845,0.5901921739101265
-64.685,17.845,0.5995273174049445
-64.675,17.845,0.6393231570003741
-64.66499999999999,17.845,0.6796261248666661
-64.655,17.845,0.7148847754127974
-64.645,17.845,0.7430143984432205
-64.635,17.845,0.7614792582190171
-64.625,17.845,0.7679605079426026
-64.615,17.845,0.7614792582190334
-64.605,17.845,0.7430143984432205
-64.595,17.845,0.7148847754127974
-64.585,17.845,0.704739735810976
-64.575,17.845,0.6896315223937284
-64.565,17.845,0.7187871542983486
-64.55499999999999,17.845,0.7597227980865544
-64.545,17.845,0.7938813511349776
-64.535,17.845,0.8174186329801034
-64.525,17.845,0.8259703809569612
-64.515,17.845,0.8174186329800823
-64.505,17.845,0.8398173358350149
-64.495,17.845,0.8715085311066905
-64.485,17.845,0.8839802539712829
-64.475,17.845,0.8715085311067207
-65.015,17.834999999999997,0.17510249559468993
-65.005,17.834999999999997,0.22270400391509249
-64.99499999999999,17.834999999999997,0.2692308273704501
-64.985,17.834999999999997,0.3144641166341141
-64.975,17.834999999999997,0.35813034277871025
-64.965,17.834999999999997,0.39988733368777907
-64.955,17.834999999999997,0.4393083612620675
-64.945,17.834999999999997,0.4758660844417172
-64.935,17.834999999999997,0.5089206220529272
-64.925,17.834999999999997,0.5377198945820147
-64.91499999999999,17.834999999999997,0.5614248265372628
-64.905,17.834999999999997,0.5791736507257781
-64.895,17.834999999999997,0.5901917566648569
-64.88499999999999,17.834999999999997,0.5939308888996007
-64.875,17.834999999999997,0.5901917566648569
-64.865,17.834999999999997,0.5791736507257965
-64.855,17.834999999999997,0.5901917566648476
-64.845,17.834999999999997,0.5939308888996007
-64.835,17.834999999999997,0.5995166380558723
-64.825,17.834999999999997,0.6353989313608915
-64.815,17.834999999999997,0.6659616514104676
-64.80499999999999,17.834999999999997,0.6896293176187053
-64.795,17.834999999999997,0.7047391564116312
-64.785,17.834999999999997,0.7099506349282809
-64.77499999999999,17.834999999999997,0.7099506349282809
-64.765,17.834999999999997,0.7099506349282809
-64.755,17.834999999999997,0.7099506349282809
-64.745,17.834999999999997,0.7047391564116443
-64.735,17.834999999999997,0.6896293176187053
-64.725,17.834999999999997,0.6659616514104676
-64.715,17.834999999999997,0.6353989313609341
-64.705,17.834999999999997,0.634832582067689
-64.695,17.834999999999997,0.6475858463472388
-64.685,17.834999999999997,0.6519407619139408
-64.675,17.834999999999997,0.6796175791938018
-64.66499999999999,17.834999999999997,0.7187774162447
-64.655,17.834999999999997,0.7597163871865673
-64.645,17.834999999999997,0.7938780296365644
-64.635,17.834999999999997,0.8174176955534622
-64.625,17.834999999999997,0.8259703809569612
-64.615,17.834999999999997,0.8174176955534835
-64.605,17.834999999999997,0.7938780296365644
-64.595,17.834999999999997,0.7679605079426395
-64.585,17.834999999999997,0.7614785408174323
-64.575,17.834999999999997,0.7430117350327381
-64.565,17.834999999999997,0.7597163871865189
-64.55499999999999,17.834999999999997,0.7977403945886299
-64.545,17.834999999999997,0.8398130608049447
-64.535,17.834999999999997,0.8715071987395471
-64.525,17.834999999999997,0.8839802539713197
-64.515,17.834999999999997,0.8715071987395169
-64.505,17.834999999999997,0.8752453015015826
-64.495,17.834999999999997,0.9199075988192424
-64.485,17.834999999999997,0.9419901269856414
-64.475,17.834999999999997,0.9199075988192909
-65.015,17.824999999999996,0.2020414095271157
-65.005,17.824999999999996,0.2513566881562178
-64.99499999999999,17.824999999999996,0.2997876092727124
-64.985,17.824999999999996,0.3471373317548637
-64.975,17.824999999999996,0.39315271860971124
-64.965,17.824999999999996,0.4375062041932244
-64.955,17.824999999999996,0.47977254406702174
-64.945,17.824999999999996,0.5194007596581538
-64.935,17.824999999999996,0.5556844115202849
-64.925,17.824999999999996,0.5877394718766356
-64.91499999999999,17.824999999999996,0.6145096206870593
-64.905,17.824999999999996,0.6348307095200221
-64.895,17.824999999999996,0.6475853612683561
-64.88499999999999,17.824999999999996,0.6519407619139593
-64.875,17.824999999999996,0.6475853612683561
-64.865,17.824999999999996,0.6348307095200434
-64.855,17.824999999999996,0.6475853612683451
-64.845,17.824999999999996,0.6519407619139593
-64.835,17.824999999999996,0.6475853612683561
-64.825,17.824999999999996,0.679609037909578
-64.815,17.824999999999996,0.7148739753248874
-64.80499999999999,17.824999999999996,0.7430090729466835
-64.795,17.824999999999996,0.7614778237672959
-64.785,17.824999999999996,0.7679605079426395
-64.77499999999999,17.824999999999996,0.7679605079426395
-64.765,17.824999999999996,0.7679605079426395
-64.755,17.824999999999996,0.7679605079426395
-64.745,17.824999999999996,0.7614778237673122
-64.735,17.824999999999996,0.7430090729466835
-64.725,17.824999999999996,0.7148739753248874
-64.715,17.824999999999996,0.6796090379096265
-64.705,17.824999999999996,0.6896271139332533
-64.695,17.824999999999996,0.7047385772956614
-64.685,17.824999999999996,0.7099506349282994
-64.675,17.824999999999996,0.7187676832679095
-64.66499999999999,17.824999999999996,0.759709979578018
-64.655,17.824999999999996,0.7977327805632299
-64.645,17.824999999999996,0.8398087879688845
-64.635,17.824999999999996,0.8715058670343232
-64.625,17.824999999999996,0.8839802539713197
-64.615,17.824999999999996,0.8715058670343534
-64.605,17.824999999999996,0.8398087879688845
-64.595,17.824999999999996,0.825970380956998
-64.585,17.824999999999996,0.8174167585879847
-64.575,17.824999999999996,0.7938747098083492
-64.565,17.824999999999996,0.7977327805631724
-64.55499999999999,17.824999999999996,0.8398087879688845
-64.545,17.824999999999996,0.8752398138269515
-64.535,17.824999999999996,0.9199054618528564
-64.525,17.824999999999996,0.9419901269856783
-64.515,17.824999999999996,0.919905461852808
-64.505,17.824999999999996,0.8895496754988339
-64.495,17.824999999999996,0.9447748377296425
-64.485,17.824999999999996,1
-64.475,17.824999999999996,0.9447748377297127
-65.015,17.814999999999998,0.2255645851944469
-65.005,17.814999999999998,0.27648439338404074
-64.99499999999999,17.814999999999998,0.3267233229752615
-64.985,17.814999999999998,0.37611686644797804
-64.975,17.814999999999998,0.42444733106832755
-64.965,17.814999999999998,0.47142302817692516
-64.955,17.814999999999998,0.5166487966707765
-64.945,17.814999999999998,0.5595852106263914
-64.935,17.814999999999998,0.5994952958177009
-64.925,17.814999999999998,0.6353839279810574
-64.91499999999999,17.814999999999998,0.6659524397869168
-64.905,17.814999999999998,0.6896249113375406
-64.895,17.814999999999998,0.7047379984630548
-64.88499999999999,17.814999999999998,0.7099506349282809
-64.875,17.814999999999998,0.7047379984630548
-64.865,17.814999999999998,0.6896249113375656
-64.855,17.814999999999998,0.7047379984630417
-64.845,17.814999999999998,0.7099506349282809
-64.835,17.814999999999998,0.7047379984630548
-64.825,17.814999999999998,0.7187579553684021
-64.815,17.814999999999998,0.75970357526115
-64.80499999999999,17.814999999999998,0.7938713916505997
-64.795,17.814999999999998,0.8174158220836512
-64.785,17.814999999999998,0.8259703809569612
-64.77499999999999,17.814999999999998,0.8259703809569612
-64.765,17.814999999999998,0.8259703809569612
-64.755,17.814999999999998,0.8259703809569612
-64.745,17.814999999999998,0.81741582208367225
-64.735,17.814999999999998,0.7938713916505997
-64.725,17.814999999999998,0.75970357526115
-64.715,17.814999999999998,0.7187579553684573
-64.705,17.814999999999998,0.743006412185296
-64.695,17.814999999999998,0.7614771070686938
-64.685,17.814999999999998,0.767960507942621
-64.675,17.814999999999998,0.767960507942621
-64.66499999999999,17.814999999999998,0.797725170531707
-64.655,17.814999999999998,0.8398045173272546
-64.645,17.814999999999998,0.8752343290645117
-64.635,17.814999999999998,0.9199033259833278
-64.625,17.814999999999998,0.9419901269856414
-64.615,17.814999999999998,0.9199033259833762
-64.605,17.814999999999998,0.8839802539713197
-64.595,17.814999999999998,0.8839802539713197
-64.585,17.814999999999998,0.8715045359913751
-64.575,17.814999999999998,0.8398045173272062
-64.565,17.814999999999998,0.8244490623566508
-64.55499999999999,17.814999999999998,0.8752343290645117
-64.545,17.814999999999998,0.9199033259833278
-64.535,17.814999999999998,0.944771739312268
-64.525,17.814999999999998,1
-64.515,17.814999999999998,0.9447717393121977
-64.505,17.814999999999998,0.9199033259833278
-64.495,17.814999999999998,0.9447717393121274
-64.485,17.814999999999998,1
-64.475,17.814999999999998,0.9447717393121977
-65.015,17.804999999999996,0.2512909758336248
-65.005,17.804999999999996,0.29972857345471304
-64.99499999999999,17.804999999999996,0.34958793157108303
-64.985,17.804999999999996,0.40086650101184174
-64.975,17.804999999999996,0.45137589169624426
-64.965,17.804999999999996,0.5008825321330378
-64.955,17.804999999999996,0.5490560419403429
-64.945,17.804999999999996,0.5954199311830451
-64.935,17.804999999999996,0.639275751905887
-64.925,17.804999999999996,0.6795919685102778
-64.91499999999999,17.804999999999996,0.7148631861680106
-64.905,17.804999999999996,0.7430037527488786
-64.895,17.804999999999996,0.7614763907217311
-64.88499999999999,17.804999999999996,0.7679605079426395
-64.875,17.804999999999996,0.7614763907217311
-64.865,17.804999999999996,0.7430037527489088
-64.855,17.804999999999996,0.7614763907217149
-64.845,17.804999999999996,0.7679605079426395
-64.835,17.804999999999996,0.7614763907217311
-64.825,17.804999999999996,0.7504522160171396
-64.815,17.804999999999996,0.797717564494307
-64.80499999999999,17.804999999999996,0.8398002488803029
-64.795,17.804999999999996,0.8715032056108142
-64.785,17.804999999999996,0.8839802539713197
-64.77499999999999,17.804999999999996,0.8839802539713197
-64.765,17.804999999999996,0.8839802539713197
-64.755,17.804999999999996,0.8839802539713197
-64.745,17.804999999999996,0.8715032056108444
-64.735,17.804999999999996,0.8398002488803029
-64.725,17.804999999999996,0.797717564494307
-64.715,17.804999999999996,0.7614763907217474
-64.705,17.804999999999996,0.7938680751636734
-64.695,17.804999999999996,0.8174148860406705
-64.685,17.804999999999996,0.8259703809569796
-64.675,17.804999999999996,0.8259703809569796
-64.66499999999999,17.804999999999996,0.8244402963800508
-64.655,17.804999999999996,0.8752288472146785
-64.645,17.804999999999996,0.9199011912113235
-64.635,17.804999999999996,0.9447686425769614
-64.625,17.804999999999996,1
-64.615,17.804999999999996,0.9447686425770316
-64.605,17.804999999999996,0.9419901269856783
-64.595,17.804999999999996,0.9419901269856783
-64.585,17.804999999999996,0.9199011912112266
-64.575,17.804999999999996,0.8752288472146164
-64.565,17.804999999999996,0.8398002488803029
-64.55499999999999,17.804999999999996,0.8895372851933905
-64.545,17.804999999999996,0.9447686425769614
-64.535,17.804999999999996,1
-64.525,17.804999999999996,0.9447686425771019
-64.515,17.804999999999996,1
-64.505,17.804999999999996,0.9447686425769614
-64.495,17.804999999999996,0.9199033259833278
-64.485,17.804999999999996,0.9419901269856414
-64.475,17.804999999999996,0.9199033259833762
-65.015,17.794999999999998,0.2764164156809872
-65.005,17.794999999999998,0.32666194051635244
-64.99499999999999,17.794999999999998,0.3760621207547099
-64.985,17.794999999999998,0.42439926328944333
-64.975,17.794999999999998,0.4732683459065876
-64.965,17.794999999999998,0.5250545662015662
-64.955,17.794999999999998,0.5759683873121694
-64.945,17.794999999999998,0.6256536817704841
-64.935,17.794999999999998,0.6735490275112496
-64.925,17.794999999999998,0.7187385148044937
-64.91499999999999,17.794999999999998,0.7596907765051268
-64.905,17.794999999999998,0.7938647603477783
-64.895,17.794999999999998,0.817413950459019
-64.88499999999999,17.794999999999998,0.8259703809569612
-64.875,17.794999999999998,0.817413950459019
-64.865,17.794999999999998,0.793864760347816
-64.855,17.794999999999998,0.8174139504589978
-64.845,17.794999999999998,0.8259703809569612
-64.835,17.794999999999998,0.817413950459019
-64.825,17.794999999999998,0.793864760347816
-64.815,17.794999999999998,0.8244315351135705
-64.80499999999999,17.794999999999998,0.8752233682775428
-64.795,17.794999999999998,0.9198990575365699
-64.785,17.794999999999998,0.9419901269856414
-64.77499999999999,17.794999999999998,0.9419901269856414
-64.765,17.794999999999998,0.9419901269856414
-64.755,17.794999999999998,0.9419901269856414
-64.745,17.794999999999998,0.9198990575366184
-64.735,17.794999999999998,0.8752233682775428
-64.725,17.794999999999998,0.8259703809569612
-64.715,17.794999999999998,0.8174139504590403
-64.705,17.794999999999998,0.8397959826284092
-64.695,17.794999999999998,0.8715018758927351
-64.685,17.794999999999998,0.8839802539713013
-64.675,17.794999999999998,0.8839802539713013
-64.66499999999999,17.794999999999998,0.8715018758927049
-64.655,17.794999999999998,0.8895310950879748
-64.645,17.794999999999998,0.9447655475243791
-64.635,17.794999999999998,1
-64.625,17.794999999999998,1
-64.615,17.794999999999998,0.9447655475243089
-64.605,17.794999999999998,1
-64.595,17.794999999999998,1
-64.585,17.794999999999998,0.9447655475242386
-64.575,17.794999999999998,0.9198990575366184
-64.565,17.794999999999998,0.8752233682775428
-64.55499999999999,17.794999999999998,0.8752288472146164
-64.545,17.794999999999998,0.9199011912112266
-64.535,17.794999999999998,0.9419901269856783
-64.525,17.794999999999998,0.9199011912113235
-64.515,17.794999999999998,0.9419901269856783
-64.505,17.794999999999998,0.9199011912112266
-64.495,17.794999999999998,0.8752288472146164
-64.485,17.794999999999998,0.8839802539713197
-64.475,17.794999999999998,0.8715045359914053
-65.015,17.784999999999997,0.29763863579256544
-65.005,17.784999999999997,0.3495244069943759
-64.99499999999999,17.784999999999997,0.4008095079577598
-64.985,17.784999999999997,0.4513254770934616
-64.975,17.784999999999997,0.5008387472380825
-64.965,17.784999999999997,0.549018937850378
-64.955,17.784999999999997,0.5962854331285825
-64.945,17.784999999999997,0.648836806650873
-64.935,17.784999999999997,0.700418991090082
-64.925,17.784999999999997,0.7504303119201321
-64.91499999999999,17.784999999999997,0.7977023644042411
-64.905,17.784999999999997,0.8397917185718611
-64.895,17.784999999999997,0.871500546837269
-64.88499999999999,17.784999999999997,0.8839802539713197
-64.875,17.784999999999997,0.871500546837269
-64.865,17.784999999999997,0.8397917185719095
-64.855,17.784999999999997,0.8715005468372388
-64.845,17.784999999999997,0.8839802539713197
-64.835,17.784999999999997,0.871500546837269
-64.825,17.784999999999997,0.8397917185719095
-64.815,17.784999999999997,0.8342873626193564
-64.80499999999999,17.784999999999997,0.8895249083475641
-64.795,17.784999999999997,0.9447624541541239
-64.785,17.784999999999997,1
-64.77499999999999,17.784999999999997,1
-64.765,17.784999999999997,1
-64.755,17.784999999999997,1
-64.745,17.784999999999997,0.9447624541541941
-64.735,17.784999999999997,0.8895249083475641
-64.725,17.784999999999997,0.8839802539713197
-64.715,17.784999999999997,0.8715005468372992
-64.705,17.784999999999997,0.8752178922535107
-64.695,17.784999999999997,0.9198969249595751
-64.685,17.784999999999997,0.9419901269856599
-64.675,17.784999999999997,0.9419901269856599
-64.66499999999999,17.784999999999997,0.9198969249595266
-64.655,17.784999999999997,0.8895249083475641
-64.645,17.784999999999997,0.9447624541541941
-64.635,17.784999999999997,1
-64.625,17.784999999999997,0.9447624541541239
-64.615,17.784999999999997,1
-64.605,17.784999999999997,1
-64.595,17.784999999999997,1
-64.585,17.784999999999997,1
-64.575,17.784999999999997,0.9447624541541941
-64.565,17.784999999999997,0.9198969249595266
-64.55499999999999,17.784999999999997,0.8752178922533862
-64.545,17.784999999999997,0.871503205610784
-64.535,17.784999999999997,0.8839802539713197
-64.525,17.784999999999997,0.8715032056108444
-64.515,17.784999999999997,0.8839802539713197
-64.505,17.784999999999997,0.871503205610784
-64.495,17.784999999999997,0.8398002488802544
-64.485,17.784999999999997,0.8259703809569612
-64.475,17.784999999999997,0.8174158220836512
-65.015,17.775,0.31459497362921673
-65.005,17.775,0.36787411453394325
-64.99499999999999,17.775,0.42078475599674314
-64.985,17.775,0.4732158489620798
-64.975,17.775,0.5250085643537592
-64.965,17.775,0.5759289381593272
-64.955,17.775,0.6256208518433393
-64.945,17.775,0.6735228839547125
-64.935,17.775,0.7187190945581818
-64.925,17.775,0.771543603493271
-64.91499999999999,17.775,0.8244140267132519
-64.905,17.775,0.875212419142707
-64.895,17.775,0.9198947934802639
-64.88499999999999,17.775,0.9419901269856599
-64.875,17.775,0.9198947934802639
-64.865,17.775,0.8752124191427693
-64.855,17.775,0.9198947934802154
-64.845,17.775,0.9419901269856599
-64.835,17.775,0.9198947934802639
-64.825,17.775,0.8752124191427693
-64.815,17.775,0.8244227785578805
-64.80499999999999,17.775,0.8752178922535107
-64.795,17.775,0.9198969249595266
-64.785,17.775,0.9419901269856599
-64.77499999999999,17.775,0.9419901269856599
-64.765,17.775,0.9447593624665003
-64.755,17.775,1
-64.745,17.775,0.9447593624666408
-64.735,17.775,0.9198947934802154
-64.725,17.775,0.9419901269856599
-64.715,17.775,0.9198947934803123
-64.705,17.775,0.9198947934802639
-64.695,17.775,0.9447593624666408
-64.685,17.775,1
-64.675,17.775,1
-64.66499999999999,17.775,0.9447593624665706
-64.655,17.775,0.9198947934802639
-64.645,17.775,0.9419901269856599
-64.635,17.775,0.9419901269856599
-64.625,17.775,0.9419901269856599
-64.615,17.775,0.9419901269856599
-64.605,17.775,0.9419901269856599
-64.595,17.775,0.9419901269856599
-64.585,17.775,0.9447593624666408
-64.575,17.775,1
-64.565,17.775,0.9447593624665706
-64.55499999999999,17.775,0.9198947934802154
-64.545,17.775,0.8752124191427693
-64.535,17.775,0.8259703809569796
-64.525,17.775,0.8174148860406705
-64.515,17.775,0.8259703809569796
-64.505,17.775,0.8174148860406278
-64.495,17.775,0.7938680751636358
-64.485,17.775,0.767960507942621
-64.475,17.775,0.7614771070686774
-65.015,17.764999999999997,0.32696293101720053
-65.005,17.764999999999997,0.3813094018090478
-64.99499999999999,17.764999999999997,0.43548105740117804
-64.985,17.764999999999997,0.4894222515661306
-64.975,17.764999999999997,0.5430513613297643
-64.965,17.764999999999997,0.5962440090097914
-64.955,17.764999999999997,0.6488018181154462
-64.945,17.764999999999997,0.7003905098455725
-64.935,17.764999999999997,0.7504084311310809
-64.925,17.764999999999997,0.7976871802968277
-64.91499999999999,17.764999999999997,0.8397831970465911
-64.905,17.764999999999997,0.8895125449625819
-64.895,17.764999999999997,0.9447562724617434
-64.88499999999999,17.764999999999997,1
-64.875,17.764999999999997,0.9447562724617434
-64.865,17.764999999999997,0.8895125449626522
-64.855,17.764999999999997,0.9447562724616732
-64.845,17.764999999999997,1
-64.835,17.764999999999997,0.9447562724617434
-64.825,17.764999999999997,0.8895125449626522
-64.815,17.764999999999997,0.8342688175418913
-64.80499999999999,17.764999999999997,0.839791718571958
-64.795,17.764999999999997,0.871500546837269
-64.785,17.764999999999997,0.8839802539713197
-64.77499999999999,17.764999999999997,0.8839802539713197
-64.765,17.764999999999997,0.9198947934802154
-64.755,17.764999999999997,0.9419901269856599
-64.745,17.764999999999997,0.9198947934803123
-64.735,17.764999999999997,0.9447562724616732
-64.725,17.764999999999997,1
-64.715,17.764999999999997,0.9447562724618137
-64.705,17.764999999999997,0.9447562724617434
-64.695,17.764999999999997,1
-64.685,17.764999999999997,0.9447562724618137
-64.675,17.764999999999997,0.9447562724617434
-64.66499999999999,17.764999999999997,1
-64.655,17.764999999999997,0.9447562724617434
-64.645,17.764999999999997,1
-64.635,17.764999999999997,1
-64.625,17.764999999999997,1
-64.615,17.764999999999997,1
-64.605,17.764999999999997,0.9447562724617434
-64.595,17.764999999999997,1
-64.585,17.764999999999997,1
-64.575,17.764999999999997,1
-64.565,17.764999999999997,1
-64.55499999999999,17.764999999999997,0.9447562724616732
-64.545,17.764999999999997,0.8895125449626522
-64.535,17.764999999999997,0.8342688175418211
-64.525,17.764999999999997,0.7790250902386263
-64.515,17.764999999999997,0.7679605079426395
-64.505,17.764999999999997,0.7614763907217149
-64.495,17.764999999999997,0.7430037527489088
-64.485,17.764999999999997,0.7148631861679697
-64.475,17.764999999999997,0.7047379984630548
-65.015,17.755,0.3344866462021978
-65.005,17.755,0.3895057242390272
-64.99499999999999,17.755,0.4444792904353242
-64.985,17.755,0.49939235091751777
-64.975,17.755,0.5542225447661568
-64.965,17.755,0.6089350147008421
-64.955,17.755,0.6634723371754713
-64.945,17.755,0.7177329720557926
-64.935,17.755,0.7715197065890447
-64.925,17.755,0.824396537158639
-64.91499999999999,17.755,0.8752014816626207
-64.905,17.755,0.9198905338157466
-64.895,17.755,0.9419901269856414
-64.88499999999999,17.755,0.9419901269856599
-64.875,17.755,0.9198926630989672
-64.865,17.755,0.875206948945735
-64.855,17.755,0.9198926630989187
-64.845,17.755,0.9419901269856599
-64.835,17.755,0.9198926630989672
-64.825,17.755,0.875206948945735
-64.815,17.755,0.8244052795800529
-64.80499999999999,17.755,0.7938614472035258
-64.795,17.755,0.8174130153389381
-64.785,17.755,0.8259703809569796
-64.77499999999999,17.755,0.8397874567112049
-64.765,17.755,0.8714992184445673
-64.755,17.755,0.8839802539713197
-64.745,17.755,0.8752069489456729
-64.735,17.755,0.9198926630989187
-64.725,17.755,0.9447531841398067
-64.715,17.755,1
-64.705,17.755,1
-64.695,17.755,1
-64.685,17.755,0.9447531841398067
-64.675,17.755,0.9198926630989672
-64.66499999999999,17.755,0.9419901269856599
-64.655,17.755,0.9198926630989672
-64.645,17.755,0.9419901269856599
-64.635,17.755,0.9419901269856599
-64.625,17.755,0.9419901269856599
-64.615,17.755,0.9447531841397364
-64.605,17.755,1
-64.595,17.755,0.9447531841397364
-64.585,17.755,0.9419901269856599
-64.575,17.755,0.9447531841397364
-64.565,17.755,1
-64.55499999999999,17.755,0.9447531841396661
-64.545,17.755,0.8895063683185978
-64.535,17.755,0.8342595525756382
-64.525,17.755,0.7790127369501936
-64.515,17.755,0.723765921481178
-64.505,17.755,0.7047374199139793
-64.495,17.755,0.6896227098320067
-64.485,17.755,0.6659478374393297
-64.475,17.755,0.6475848764266545
-65.015,17.744999999999997,0.3370011811857744
-65.005,17.744999999999997,0.39225108110556406
-64.99499999999999,17.744999999999997,0.4475009814553519
-64.985,17.744999999999997,0.5027508821958426
-64.975,17.744999999999997,0.5580007832882333
-64.965,17.744999999999997,0.6132506846931579
-64.955,17.744999999999997,0.6685005863717434
-64.945,17.744999999999997,0.7237504882849051
-64.935,17.744999999999997,0.7790003903933478
-64.925,17.744999999999997,0.8342502926582684
-64.91499999999999,17.744999999999997,0.8895001950403718
-64.905,17.744999999999997,0.9447500975005734
-64.895,17.744999999999997,1
-64.88499999999999,17.744999999999997,0.9447500975006438
-64.875,17.744999999999997,0.8895001950403718
-64.865,17.744999999999997,0.8397831970465911
-64.855,17.744999999999997,0.871497890714802
-64.845,17.744999999999997,0.8839802539713013
-64.835,17.744999999999997,0.8714978907148323
-64.825,17.744999999999997,0.8397831970465911
-64.815,17.744999999999997,0.7976871802968277
-64.80499999999999,17.744999999999997,0.7504084311310809
-64.795,17.744999999999997,0.7614749590830301
-64.785,17.744999999999997,0.767960507942621
-64.77499999999999,17.744999999999997,0.7938581357309131
-64.765,17.744999999999997,0.8174120806804215
-64.755,17.744999999999997,0.8259703809569612
-64.745,17.744999999999997,0.8397831970465426
-64.735,17.744999999999997,0.8752014816626207
-64.725,17.744999999999997,0.9198905338158436
-64.715,17.744999999999997,0.9419901269856414
-64.705,17.744999999999997,0.9419901269856414
-64.695,17.744999999999997,0.9419901269856414
-64.685,17.744999999999997,0.9198905338158436
-64.675,17.744999999999997,0.8752014816626207
-64.66499999999999,17.744999999999997,0.8839802539713013
-64.655,17.744999999999997,0.8714978907148323
-64.645,17.744999999999997,0.8839802539713013
-64.635,17.744999999999997,0.8839802539713013
-64.625,17.744999999999997,0.8839802539713197
-64.615,17.744999999999997,0.9198905338157951
-64.605,17.744999999999997,0.9447500975006438
-64.595,17.744999999999997,1
-64.585,17.744999999999997,1
-64.575,17.744999999999997,1
-64.565,17.744999999999997,0.9447500975006438
-64.55499999999999,17.744999999999997,0.9198905338157466
-64.545,17.744999999999997,0.8752014816626207
-64.535,17.744999999999997,0.8243965371585726
-64.525,17.744999999999997,0.7715197065891126
-64.515,17.744999999999997,0.7177329720557926
-64.505,17.744999999999997,0.6634723371754713
-64.495,17.744999999999997,0.6348269671930775
-64.485,17.744999999999997,0.6145016443648692
-64.475,17.744999999999997,0.5901909227857657
-65.015,17.735,0.33696416170119425
-65.005,17.735,0.3922171465797374
-64.99499999999999,17.735,0.44747013188783413
-64.985,17.735,0.5027231175862293
-64.975,17.735,0.5579761036361603
-64.965,17.735,0.613229089998302
-64.955,17.735,0.6684820766338211
-64.945,17.735,0.7237350635036739
-64.935,17.735,0.7789880505686055
-64.925,17.735,0.8342410377898533
-64.91499999999999,17.735,0.8894940251281624
-64.905,17.735,0.944747012544489
-64.895,17.735,1
-64.88499999999999,17.735,0.9447470125445593
-64.875,17.735,0.8894940251281624
-64.865,17.735,0.8397704312328382
-64.855,17.735,0.817411146483689
-64.845,17.735,0.8259703809569796
-64.835,17.735,0.8174111464837102
-64.825,17.735,0.7938548259304761
-64.815,17.735,0.7596716030727605
-64.80499999999999,17.735,0.7429851738179536
-64.795,17.735,0.761471386145823
-64.785,17.735,0.7679605079426026
-64.77499999999999,17.735,0.7614713861458393
-64.765,17.735,0.7679605079426026
-64.755,17.735,0.7679605079426395
-64.745,17.735,0.7976795942378236
-64.735,17.735,0.8397789395784518
-64.725,17.735,0.8714965636481943
-64.715,17.735,0.8839802539713197
-64.705,17.735,0.8839802539713197
-64.695,17.735,0.8839802539713197
-64.685,17.735,0.8714965636481943
-64.675,17.735,0.8397789395784518
-64.66499999999999,17.735,0.8714939115045173
-64.655,17.735,0.8839802539712829
-64.645,17.735,0.8839802539712829
-64.635,17.735,0.9198862785445305
-64.625,17.735,0.9419901269856414
-64.615,17.735,0.9447470125445593
-64.605,17.735,1
-64.595,17.735,0.9447470125445593
-64.585,17.735,0.9419901269856783
-64.575,17.735,0.9419901269856783
-64.565,17.735,0.919888405630973
-64.55499999999999,17.735,0.8751960172936815
-64.545,17.735,0.8397789395784518
-64.535,17.735,0.7976795942377661
-64.525,17.735,0.7503974994785887
-64.515,17.735,0.7003762806811676
-64.505,17.735,0.6487843379833302
-64.495,17.735,0.5962233137321338
-64.485,17.735,0.5614143102425353
-64.475,17.735,0.5377021577544416
-65.015,17.724999999999998,0.3493342429235454
-65.005,17.724999999999998,0.4006388954679432
-64.99499999999999,17.724999999999998,0.4511745566608242
-64.985,17.724999999999998,0.5026953681245379
-64.975,17.724999999999998,0.5579514374489066
-64.965,17.724999999999998,0.6132075070851624
-64.955,17.724999999999998,0.6684635769945129
-64.945,17.724999999999998,0.7237196471379541
-64.935,17.724999999999998,0.7789757174762724
-64.925,17.724999999999998,0.8342317879707448
-64.91499999999999,17.724999999999998,0.8894878585821575
-64.905,17.724999999999998,0.9447439292715067
-64.895,17.724999999999998,1
-64.88499999999999,17.724999999999998,0.944743929271577
-64.875,17.724999999999998,0.9198841525568651
-64.865,17.724999999999998,0.8751850972997048
-64.855,17.724999999999998,0.8243703381688426
-64.845,17.724999999999998,0.7714839097458412
-64.835,17.724999999999998,0.7614735288519011
-64.825,17.724999999999998,0.7679605079426395
-64.815,17.724999999999998,0.7679605079426395
-64.80499999999999,17.724999999999998,0.7938416034562086
-64.795,17.724999999999998,0.8174074143161021
-64.785,17.724999999999998,0.8259703809569612
-64.77499999999999,17.724999999999998,0.8174074143161234
-64.765,17.724999999999998,0.8259703809569612
-64.755,17.724999999999998,0.8174074143160808
-64.745,17.724999999999998,0.7938416034561708
-64.735,17.724999999999998,0.7976568600451652
-64.725,17.724999999999998,0.8397661803561172
-64.715,17.724999999999998,0.8714925864278736
-64.705,17.724999999999998,0.8839802539713197
-64.695,17.724999999999998,0.8839802539713197
-64.685,17.724999999999998,0.8839802539713197
-64.675,17.724999999999998,0.8839802539713197
-64.66499999999999,17.724999999999998,0.9198841525568651
-64.655,17.724999999999998,0.9419901269856414
-64.645,17.724999999999998,0.9419901269856414
-64.635,17.724999999999998,0.9447439292715067
-64.625,17.724999999999998,1
-64.615,17.724999999999998,0.944743929271577
-64.605,17.724999999999998,0.9419901269856414
-64.595,17.724999999999998,0.919886278544579
-64.585,17.724999999999998,0.8839802539713197
-64.575,17.724999999999998,0.9198841525568651
-64.565,17.724999999999998,0.9419901269856414
-64.55499999999999,17.724999999999998,0.9198841525568167
-64.545,17.724999999999998,0.8751850972997048
-64.535,17.724999999999998,0.8243703381687099
-64.525,17.724999999999998,0.7714839097458412
-64.515,17.724999999999998,0.7176876976714277
-64.505,17.724999999999998,0.6634176539678805
-64.495,17.724999999999998,0.6088709647016676
-64.485,17.724999999999998,0.5541491553075141
-64.475,17.724999999999998,0.4993096406861103
-65.015,17.714999999999996,0.36767847989359714
-65.005,17.714999999999996,0.42060830463611676
-64.99499999999999,17.714999999999996,0.47305869741259665
-64.985,17.714999999999996,0.524870855344678
-64.975,17.714999999999996,0.5758108440946075
-64.965,17.714999999999996,0.6255225718922024
-64.955,17.714999999999996,0.673444619189894
-64.945,17.714999999999996,0.7237042391882157
-64.935,17.714999999999996,0.778963391116724
-64.925,17.714999999999996,0.8342225432012251
-64.91499999999999,17.714999999999996,0.889481695402545
-64.905,17.714999999999996,0.9447408476817207
-64.895,17.714999999999996,1
-64.88499999999999,17.714999999999996,1
-64.875,17.714999999999996,0.944740847681791
-64.865,17.714999999999996,0.889481695402545
-64.855,17.714999999999996,0.8342225432012954
-64.845,17.714999999999996,0.825970380956998
-64.835,17.714999999999996,0.8174064824296252
-64.825,17.714999999999996,0.825970380956998
-64.815,17.714999999999996,0.825970380956998
-64.80499999999999,17.714999999999996,0.8397619316772393
-64.795,17.714999999999996,0.8714912620148852
-64.785,17.714999999999996,0.8839802539713197
-64.77499999999999,17.714999999999996,0.8714912620149156
-64.765,17.714999999999996,0.8839802539713197
-64.755,17.714999999999996,0.871491262014855
-64.745,17.714999999999996,0.8397619316771907
-64.735,17.714999999999996,0.8397619316771907
-64.725,17.714999999999996,0.8751796416751599
-64.715,17.714999999999996,0.9198820276679543
-64.705,17.714999999999996,0.9419901269856783
-64.695,17.714999999999996,0.9419901269856783
-64.685,17.714999999999996,0.9419901269856783
-64.675,17.714999999999996,0.9419901269856783
-64.66499999999999,17.714999999999996,0.944740847681791
-64.655,17.714999999999996,1
-64.645,17.714999999999996,1
-64.635,17.714999999999996,1
-64.625,17.714999999999996,0.9447408476817207
-64.615,17.714999999999996,0.9198841525568651
-64.605,17.714999999999996,0.8839802539712829
-64.595,17.714999999999996,0.8714939115045173
-64.585,17.714999999999996,0.8894816954026152
-64.575,17.714999999999996,0.944740847681791
-64.565,17.714999999999996,1
-64.55499999999999,17.714999999999996,0.9447408476817207
-64.545,17.714999999999996,0.889481695402545
-64.535,17.714999999999996,0.8342225432011547
-64.525,17.714999999999996,0.7789633911167942
-64.515,17.714999999999996,0.7237042391882157
-64.505,17.714999999999996,0.668445087454382
-64.495,17.714999999999996,0.6131859359544671
-64.485,17.714999999999996,0.5579267847271532
-64.475,17.714999999999996,0.5026676338116138
-65.015,17.705,0.38110956916763905
-65.005,17.705,0.43530005824468543
-64.99499999999999,17.705,0.4892601531128975
-64.985,17.705,0.5429082515743664
-64.975,17.705,0.5961200051922124
-64.965,17.705,0.6486970787072335
-64.955,17.705,0.7003052494636268
-64.945,17.705,0.7503429286577439
-64.935,17.705,0.7976417239085992
-64.925,17.705,0.839757685196477
-64.91499999999999,17.705,0.8751796416751599
-64.905,17.705,0.9198820276679543
-64.895,17.705,0.944737767775295
-64.88499999999999,17.705,1
-64.875,17.705,0.944737767775295
-64.865,17.705,0.8894755355895125
-64.855,17.705,0.8839802539713197
-64.845,17.705,0.8839802539713197
-64.835,17.705,0.8714899382656356
-64.825,17.705,0.8839802539713197
-64.815,17.705,0.8839802539713197
-64.80499999999999,17.705,0.8839802539713197
-64.795,17.705,0.9198799038780834
-64.785,17.705,0.9419901269856414
-64.77499999999999,17.705,0.9198799038781319
-64.765,17.705,0.9419901269856414
-64.755,17.705,0.9198799038780349
-64.745,17.705,0.8839802539713197
-64.735,17.705,0.8839802539713197
-64.725,17.705,0.9198799038781319
-64.715,17.705,0.9447377677752247
-64.705,17.705,1
-64.695,17.705,1
-64.685,17.705,1
-64.675,17.705,1
-64.66499999999999,17.705,0.944737767775295
-64.655,17.705,1
-64.645,17.705,1
-64.635,17.705,0.9447377677753652
-64.625,17.705,0.9198820276679543
-64.615,17.705,0.8751796416750977
-64.605,17.705,0.8397661803561172
-64.595,17.705,0.8243616145981579
-64.585,17.705,0.8751796416752222
-64.575,17.705,0.9198820276680029
-64.565,17.705,0.9419901269856783
-64.55499999999999,17.705,0.9198820276679543
-64.545,17.705,0.8751796416751599
-64.535,17.705,0.8243616145980915
-64.525,17.705,0.7714719904033115
-64.515,17.705,0.7176726226115157
-64.505,17.705,0.6633994460675283
-64.495,17.705,0.6088496379534369
-64.485,17.705,0.554124718810418
-64.475,17.705,0.4992821006609034
-65.015,17.694999999999997,0.38930325922727027
-65.005,17.694999999999997,0.4442954055333638
-64.99499999999999,17.694999999999997,0.4992270656937656
-64.985,17.694999999999997,0.5540758858046373
-64.975,17.694999999999997,0.6088070193384834
-64.965,17.694999999999997,0.6633630600237918
-64.955,17.694999999999997,0.717642497097118
-64.945,17.694999999999997,0.7714481711287684
-64.935,17.694999999999997,0.8243441815980463
-64.925,17.694999999999997,0.8751687391724082
-64.91499999999999,17.694999999999997,0.9198777811874337
-64.905,17.694999999999997,0.9447346895521125
-64.895,17.694999999999997,1
-64.88499999999999,17.694999999999997,0.9447346895521828
-64.875,17.694999999999997,0.9198799038780834
-64.865,17.694999999999997,0.9419901269856783
-64.855,17.694999999999997,0.9419901269856783
-64.845,17.694999999999997,0.9419901269856783
-64.835,17.694999999999997,0.9198777811873852
-64.825,17.694999999999997,0.9419901269856783
-64.815,17.694999999999997,0.9419901269856783
-64.80499999999999,17.694999999999997,0.9419901269856783
-64.795,17.694999999999997,0.9447346895521828
-64.785,17.694999999999997,1
-64.77499999999999,17.694999999999997,0.9447346895522531
-64.765,17.694999999999997,1
-64.755,17.694999999999997,0.9447346895521125
-64.745,17.694999999999997,0.9419901269856783
-64.735,17.694999999999997,0.9419901269856783
-64.725,17.694999999999997,0.9447346895522531
-64.715,17.694999999999997,1
-64.705,17.694999999999997,1
-64.695,17.694999999999997,0.9447346895522531
-64.685,17.694999999999997,1
-64.675,17.694999999999997,0.9447346895521125
-64.66499999999999,17.694999999999997,0.9198799038780834
-64.655,17.694999999999997,0.9419901269856414
-64.645,17.694999999999997,0.9419901269856414
-64.635,17.694999999999997,0.9198799038781319
-64.625,17.694999999999997,0.8751741889659234
-64.615,17.694999999999997,0.8397619316771423
-64.605,17.694999999999997,0.79764928997736
-64.595,17.694999999999997,0.7976492899774176
-64.585,17.694999999999997,0.8397619316772393
-64.575,17.694999999999997,0.8714912620148852
-64.565,17.694999999999997,0.8839802539713197
-64.55499999999999,17.694999999999997,0.871491262014855
-64.545,17.694999999999997,0.8397619316771907
-64.535,17.694999999999997,0.79764928997736
-64.525,17.694999999999997,0.7503538311610576
-64.515,17.694999999999997,0.7003194404243843
-64.505,17.694999999999997,0.6487145117087347
-64.495,17.694999999999997,0.5961406445176543
-64.485,17.694999999999997,0.542932070851984
-64.475,17.694999999999997,0.4892871328330056
-65.015,17.685,0.3920477516832488
-65.005,17.685,0.4473161365343956
-64.99499999999999,17.685,0.502584521774032
-64.985,17.685,0.5578529073631051
-64.975,17.685,0.6131212932630542
-64.965,17.685,0.6683896794347558
-64.955,17.685,0.7236580658395791
-64.945,17.685,0.7789264524386822
-64.935,17.685,0.8341948391930123
-64.925,17.685,0.8894632260640087
-64.91499999999999,17.685,0.9447316130126185
-64.905,17.685,1
-64.895,17.685,0.944731613012478
-64.88499999999999,17.685,0.9419901269856414
-64.875,17.685,0.9447316130125483
-64.865,17.685,1
-64.855,17.685,1
-64.845,17.685,1
-64.835,17.685,0.9447316130125483
-64.825,17.685,1
-64.815,17.685,1
-64.80499999999999,17.685,1
-64.795,17.685,1
-64.785,17.685,1
-64.77499999999999,17.685,1
-64.765,17.685,1
-64.755,17.685,1
-64.745,17.685,1
-64.735,17.685,1
-64.725,17.685,0.9447316130126185
-64.715,17.685,1
-64.705,17.685,0.944731613012478
-64.695,17.685,0.9198777811874337
-64.685,17.685,0.9419901269856783
-64.675,17.685,0.9198777811873367
-64.66499999999999,17.685,0.8751687391722837
-64.655,17.685,0.8839802539713197
-64.645,17.685,0.8839802539713197
-64.635,17.685,0.8714899382656658
-64.625,17.685,0.8397576851964286
-64.615,17.685,0.7976417239085992
-64.605,17.685,0.7596397132575519
-64.595,17.685,0.7596397132576004
-64.585,17.685,0.7938383020211589
-64.575,17.685,0.8174064824296252
-64.565,17.685,0.825970380956998
-64.55499999999999,17.685,0.8174064824296039
-64.545,17.685,0.7938383020211213
-64.535,17.685,0.7596397132575519
-64.525,17.685,0.7186609557779311
-64.515,17.685,0.673444619189894
-64.505,17.685,0.6255225718921402
-64.495,17.685,0.5758108440945434
-64.485,17.685,0.5248708553446125
-64.475,17.685,0.473058697412464
-65.015,17.674999999999997,0.3892695795158587
-65.005,17.674999999999997,0.4442648165805354
-64.99499999999999,17.674999999999997,0.49919957075344557
-64.985,17.674999999999997,0.554051489297454
-64.975,17.674999999999997,0.6087857274730835
-64.965,17.674999999999997,0.6633448818815553
-64.955,17.674999999999997,0.7176274466436778
-64.945,17.674999999999997,0.7714362711975662
-64.935,17.674999999999997,0.8243354721692737
-64.925,17.674999999999997,0.8751632922947036
-64.91499999999999,17.674999999999997,0.919875659596021
-64.905,17.674999999999997,0.9447285381564148
-64.895,17.674999999999997,1
-64.88499999999999,17.674999999999997,1
-64.875,17.674999999999997,1
-64.865,17.674999999999997,0.944728538156485
-64.855,17.674999999999997,0.9447285381564148
-64.845,17.674999999999997,1
-64.835,17.674999999999997,1
-64.825,17.674999999999997,0.944728538156485
-64.815,17.674999999999997,0.9447285381564148
-64.80499999999999,17.674999999999997,1
-64.795,17.674999999999997,1
-64.785,17.674999999999997,1
-64.77499999999999,17.674999999999997,1
-64.765,17.674999999999997,0.9447285381565554
-64.755,17.674999999999997,0.9447285381565554
-64.745,17.674999999999997,1
-64.735,17.674999999999997,1
-64.725,17.674999999999997,1
-64.715,17.674999999999997,0.9447285381565554
-64.705,17.674999999999997,0.919875659595924
-64.695,17.674999999999997,0.875163292294579
-64.685,17.674999999999997,0.8839802539713197
-64.675,17.674999999999997,0.8714886151802652
-64.66499999999999,17.674999999999997,0.8397534409141246
-64.655,17.674999999999997,0.8259703809569612
-64.645,17.674999999999997,0.8259703809569612
-64.635,17.674999999999997,0.8174055510054664
-64.625,17.674999999999997,0.79383500226005
-64.615,17.674999999999997,0.7596333451849918
-64.605,17.674999999999997,0.718651283773676
-64.595,17.674999999999997,0.7148147703415844
-64.585,17.674999999999997,0.7429798774930749
-64.575,17.674999999999997,0.7614699594365526
-64.565,17.674999999999997,0.7679605079426395
-64.55499999999999,17.674999999999997,0.7614699594365364
-64.545,17.674999999999997,0.7429798774930447
-64.535,17.674999999999997,0.7148147703415435
-64.525,17.674999999999997,0.6795153736390435
-64.515,17.674999999999997,0.6391694513091795
-64.505,17.674999999999997,0.5952834540787815
-64.495,17.674999999999997,0.5488893831212984
-64.485,17.674999999999997,0.5006858673021328
-64.475,17.674999999999997,0.4511494504268668
-65.015,17.665,0.3919801233524214
-65.005,17.665,0.4472546562364679
-64.99499999999999,17.665,0.5025291895081967
-64.985,17.665,0.5578037231286361
-64.975,17.665,0.6130782570593059
-64.965,17.665,0.6683527912611633
-64.955,17.665,0.7236273256956585
-64.945,17.665,0.7789018603240299
-64.935,17.665,0.8341763951073055
-64.925,17.665,0.8894509300070053
-64.91499999999999,17.665,0.9447254649841572
-64.905,17.665,1
-64.895,17.665,1
-64.88499999999999,17.665,0.9447254649840869
-64.875,17.665,0.9419901269856599
-64.865,17.665,0.9198735391041102
-64.855,17.665,0.9198735391040617
-64.845,17.665,0.9419901269856599
-64.835,17.665,0.9447254649840869
-64.825,17.665,1
-64.815,17.665,1
-64.80499999999999,17.665,0.9447254649841572
-64.795,17.665,1
-64.785,17.665,0.9447254649840869
-64.77499999999999,17.665,1
-64.765,17.665,0.9447254649841572
-64.755,17.665,0.9198735391041586
-64.745,17.665,0.9419901269856599
-64.735,17.665,0.9419901269856599
-64.725,17.665,0.9419901269856599
-64.715,17.665,0.9198735391041586
-64.705,17.665,0.8751578483331514
-64.695,17.665,0.8397491988307051
-64.685,17.665,0.8259703809569796
-64.675,17.665,0.8174046200437702
-64.66499999999999,17.665,0.79383170417335
-64.655,17.665,0.767960507942621
-64.645,17.665,0.767960507942621
-64.635,17.665,0.7614692466105695
-64.625,17.665,0.7429772313221603
-64.615,17.665,0.7148094044900127
-64.605,17.665,0.6795068850737053
-64.595,17.665,0.6659065203211412
-64.585,17.665,0.6896029453753498
-64.575,17.665,0.7047322257408731
-64.565,17.665,0.7099506349282994
-64.55499999999999,17.665,0.7047322257408599
-64.545,17.665,0.6896029453753247
-64.535,17.665,0.6659065203211062
-64.525,17.665,0.6353091399476174
-64.515,17.665,0.5993889140513077
-64.505,17.665,0.5594459063583828
-64.495,17.665,0.5164760346898069
-64.485,17.665,0.4712166900438083
-64.475,17.665,0.4242075018965986
-65.015,17.654999999999998,0.38920227535161256
-65.005,17.654999999999998,0.4442036888528691
-64.99499999999999,17.654999999999998,0.49914462596383546
-64.985,17.654999999999998,0.5540027362785153
-64.975,17.654999999999998,0.6087431786300094
-64.965,17.654999999999998,0.6633085553594831
-64.955,17.654999999999998,0.7175973703469594
-64.945,17.654999999999998,0.7714124907496069
-64.935,17.654999999999998,0.8243180674561493
-64.925,17.654999999999998,0.875152407288186
-64.91499999999999,17.654999999999998,0.9198714197119642
-64.905,17.654999999999998,0.9419901269856599
-64.895,17.654999999999998,0.9419901269856599
-64.88499999999999,17.654999999999998,0.9198714197119157
-64.875,17.654999999999998,0.8839802539713197
-64.865,17.654999999999998,0.8894447870296155
-64.855,17.654999999999998,0.944722393495377
-64.845,17.654999999999998,1
-64.835,17.654999999999998,1
-64.825,17.654999999999998,0.9447223934954473
-64.815,17.654999999999998,0.9419901269856599
-64.80499999999999,17.654999999999998,0.9198714197119642
-64.795,17.654999999999998,0.9419901269856599
-64.785,17.654999999999998,0.9198714197119157
-64.77499999999999,17.654999999999998,0.9419901269856599
-64.765,17.654999999999998,0.9198714197119642
-64.755,17.654999999999998,0.8751524072881237
-64.745,17.654999999999998,0.8839802539713197
-64.735,17.654999999999998,0.8839802539713197
-64.725,17.654999999999998,0.8839802539713197
-64.715,17.654999999999998,0.8714859710019374
-64.705,17.654999999999998,0.8397449589465522
-64.695,17.654999999999998,0.797619049700798
-64.685,17.654999999999998,0.7679605079426395
-64.675,17.654999999999998,0.7614685341371324
-64.66499999999999,17.654999999999998,0.74297458647938
-64.655,17.654999999999998,0.7148040413772057
-64.645,17.654999999999998,0.7099506349282809
-64.635,17.654999999999998,0.7047316500305143
-64.625,17.654999999999998,0.6896007547838798
-64.615,17.654999999999998,0.6659019410953735
-64.605,17.654999999999998,0.6353016821397397
-64.595,17.654999999999998,0.6144658493872308
-64.585,17.654999999999998,0.6348101724416804
-64.575,17.654999999999998,0.6475800410689744
-64.565,17.654999999999998,0.6519407619139593
-64.55499999999999,17.654999999999998,0.6475800410689634
-64.545,17.654999999999998,0.634810172441659
-64.535,17.654999999999998,0.6144658493872006
-64.525,17.654999999999998,0.587666711482244
-64.515,17.654999999999998,0.5555789286212283
-64.505,17.654999999999998,0.5192603357239614
-64.495,17.654999999999998,0.4795959751369898
-64.485,17.654999999999998,0.43729291684734084
-64.475,17.654999999999998,0.39290251055622805
-65.015,17.645,0.3809767098893023
-65.005,17.645,0.43517972022338636
-64.99499999999999,17.645,0.4891523810185705
-64.985,17.645,0.542813103885792
-64.975,17.645,0.5960375598265859
-64.965,17.645,0.6486274409909061
-64.955,17.645,0.7002485620536554
-64.945,17.645,0.7502993769652022
-64.935,17.645,0.797611499632658
-64.925,17.645,0.8397407212619197
-64.91499999999999,17.645,0.8714846499091702
-64.905,17.645,0.8839802539713197
-64.895,17.645,0.8839802539713197
-64.88499999999999,17.645,0.8751415339485987
-64.875,17.645,0.9198671842272408
-64.865,17.645,0.9419901269856414
-64.855,17.645,0.9198693014195248
-64.845,17.645,0.9447193236906599
-64.835,17.645,1
-64.825,17.645,0.9447193236906599
-64.815,17.645,1
-64.80499999999999,17.645,0.9447193236905896
-64.795,17.645,0.88943864742000045
-64.785,17.645,0.87148464990914
-64.77499999999999,17.645,0.8839802539713197
-64.765,17.645,0.8714846499091702
-64.755,17.645,0.8397407212618712
-64.745,17.645,0.8259703809569796
-64.735,17.645,0.8259703809569796
-64.725,17.645,0.8259703809569796
-64.715,17.645,0.8174027595083166
-64.705,17.645,0.793825113024405
-64.695,17.645,0.7596142607574164
-64.685,17.645,0.7186222982755435
-64.675,17.645,0.704731074604402
-64.66499999999999,17.645,0.689598565285202
-64.655,17.645,0.6658973641843342
-64.645,17.645,0.6519407619139408
-64.635,17.645,0.6475795588403853
-64.625,17.645,0.634808310980578
-64.615,17.645,0.6144618821225953
-64.605,17.645,0.587660116982321
-64.595,17.645,0.5613828553400277
-64.585,17.645,0.5791542096316915
-64.575,17.645,0.590186765633147
-64.565,17.645,0.5939308888996191
-64.55499999999999,17.645,0.5901867656331374
-64.545,17.645,0.5791542096316731
-64.535,17.645,0.5613828553400011
-64.525,17.645,0.5376491073047618
-64.515,17.645,0.5088165064154612
-64.505,17.645,0.4757256169771822
-64.495,17.645,0.4391296398866621
-64.485,17.645,0.39966924055345443
-64.475,17.645,0.3578722804479971
-65.015,17.634999999999998,0.3675159368094564
-65.005,17.634999999999998,0.4204616993340363
-64.99499999999999,17.634999999999998,0.4729281266794386
-64.985,17.634999999999998,0.5247564377359977
-64.975,17.634999999999998,0.5757127228313319
-64.965,17.634999999999998,0.6254409124641204
-64.955,17.634999999999998,0.6733795887425487
-64.945,17.634999999999998,0.718612646616476
-64.935,17.634999999999998,0.7596079058799701
-64.925,17.634999999999998,0.7938218199627646
-64.91499999999999,17.634999999999998,0.8174018299346868
-64.905,17.634999999999998,0.8259703809569612
-64.895,17.634999999999998,0.834148766864016
-64.88499999999999,17.634999999999998,0.8894325111782768
-64.875,17.634999999999998,0.9447162555698183
-64.865,17.634999999999998,1
-64.855,17.634999999999998,0.9447162555698886
-64.845,17.634999999999998,0.9198671842272408
-64.835,17.634999999999998,0.9419901269856414
-64.825,17.634999999999998,0.9198671842272408
-64.815,17.634999999999998,0.9419901269856414
-64.80499999999999,17.634999999999998,0.9198671842271923
-64.795,17.634999999999998,0.8751415339485987
-64.785,17.634999999999998,0.8243006816045975
-64.77499999999999,17.634999999999998,0.8259703809569612
-64.765,17.634999999999998,0.8174018299346868
-64.755,17.634999999999998,0.7938218199627268
-64.745,17.634999999999998,0.767960507942621
-64.735,17.634999999999998,0.767960507942621
-64.725,17.634999999999998,0.767960507942621
-64.715,17.634999999999998,0.7614671102483148
-64.705,17.634999999999998,0.7429693007792872
-64.695,17.634999999999998,0.7147933233699899
-64.685,17.634999999999998,0.6794814457667104
-64.675,17.634999999999998,0.6475790768496834
-64.66499999999999,17.634999999999998,0.6348064504447599
-64.655,17.634999999999998,0.6144579168505195
-64.645,17.634999999999998,0.5939308888995822
-64.635,17.634999999999998,0.5901863510412952
-64.625,17.634999999999998,0.5791525947410388
-64.615,17.634999999999998,0.5613793690611519
-64.605,17.634999999999998,0.5376432276412908
-64.595,17.634999999999998,0.5088078587400944
-64.585,17.634999999999998,0.5229370703191998
-64.575,17.634999999999998,0.5326412113335388
-64.565,17.634999999999998,0.5359210158852605
-64.55499999999999,17.634999999999998,0.5326412113335304
-64.545,17.634999999999998,0.5229370703191836
-64.535,17.634999999999998,0.5071879586831897
-64.525,17.634999999999998,0.48594918064999315
-64.515,17.634999999999998,0.4598679335214585
-64.505,17.634999999999998,0.429608098688667
-64.495,17.634999999999998,0.3957971695618734
-64.485,17.634999999999998,0.3589968277685983
-64.475,17.634999999999998,0.3196920252881449
-65.015,17.624999999999996,0.3491446935706247
-65.005,17.624999999999996,0.4004688332035361
-64.99499999999999,17.624999999999996,0.45102412149453597
-64.985,17.624999999999996,0.5005770172173236
-64.975,17.624999999999996,0.5487971390188586
-64.965,17.624999999999996,0.595207913383374
-64.955,17.624999999999996,0.6391106114995931
-64.945,17.624999999999996,0.6794729747962867
-64.935,17.624999999999996,0.7147879684765268
-64.925,17.624999999999996,0.7429666599225402
-64.91499999999999,17.624999999999996,0.7614663988330721
-64.905,17.624999999999996,0.7713768686201594
-64.895,17.624999999999996,0.8242919957528231
-64.88499999999999,17.624999999999996,0.8751361016546814
-64.875,17.624999999999996,0.9198650681351288
-64.865,17.624999999999996,0.9419901269856599
-64.855,17.624999999999996,0.9198650681351774
-64.845,17.624999999999996,0.8751361016546814
-64.835,17.624999999999996,0.8839802539713013
-64.825,17.624999999999996,0.8714820097171456
-64.815,17.624999999999996,0.8839802539713013
-64.80499999999999,17.624999999999996,0.8714820097171153
-64.795,17.624999999999996,0.8397322524924634
-64.785,17.624999999999996,0.7975964115008913
-64.77499999999999,17.624999999999996,0.767960507942621
-64.765,17.624999999999996,0.7614663988330721
-64.755,17.624999999999996,0.7429666599225099
-64.745,17.624999999999996,0.7147879684765677
-64.735,17.624999999999996,0.7099506349282809
-64.725,17.624999999999996,0.7099506349282809
-64.715,17.624999999999996,0.7047299246052257
-64.705,17.624999999999996,0.6895941895671176
-64.695,17.624999999999996,0.665888217308356
-64.685,17.624999999999996,0.6352793316392571
-64.675,17.624999999999996,0.5993465152041704
-64.66499999999999,17.624999999999996,0.579150980651405
-64.655,17.624999999999996,0.56137588452577325
-64.645,17.624999999999996,0.5376373509462434
-64.635,17.624999999999996,0.5326408478794837
-64.625,17.624999999999996,0.5229356460772447
-64.615,17.624999999999996,0.5071848565536607
-64.605,17.624999999999996,0.48594389361970813
-64.595,17.624999999999996,0.45986007144978125
-64.585,17.624999999999996,0.4663360711395713
-64.575,17.624999999999996,0.4749934492812532
-64.565,17.624999999999996,0.4779111428709204
-64.55499999999999,17.624999999999996,0.47499344928124587
-64.545,17.624999999999996,0.46633607113955666
-64.535,17.624999999999996,0.4522110746645621
-64.525,17.624999999999996,0.43302695697694427
-64.515,17.624999999999996,0.4092764070304761
-64.505,17.624999999999996,0.38148524514688487
-64.495,17.624999999999996,0.3501716784712112
-64.485,17.624999999999996,0.31581917620463673
-64.475,17.624999999999996,0.27886190059922
-65.015,17.615,0.32626455277219857
-65.005,17.615,0.3757076946561446
-64.99499999999999,17.615,0.42408806539141786
-64.985,17.615,0.4711139302713222
-64.975,17.615,0.5163899942702199
-64.965,17.615,0.5593765267035843
-64.955,17.615,0.5993359292405439
-64.945,17.615,0.6352718891156821
-64.935,17.615,0.6658836473443035
-64.925,17.615,0.6895920033482072
-64.91499999999999,17.615,0.7047293500322819
-64.905,17.615,0.7502667744484575
-64.895,17.615,0.7975888734382293
-64.88499999999999,17.615,0.8397280214084466
-64.875,17.615,0.8714806906182324
-64.865,17.615,0.8839802539713197
-64.855,17.615,0.8714806906182626
-64.845,17.615,0.8397280214084466
-64.835,17.615,0.8259703809569612
-64.825,17.615,0.8173999721762433
-64.815,17.615,0.8259703809569612
-64.80499999999999,17.615,0.8173999721762221
-64.795,17.615,0.7938152388666643
-64.785,17.615,0.7595952060258246
-64.77499999999999,17.615,0.7185933585626836
-64.765,17.615,0.7047293500322819
-64.755,17.615,0.6895920033481824
-64.745,17.615,0.6658836473443384
-64.735,17.615,0.6519407619139408
-64.725,17.615,0.6519407619139408
-64.715,17.615,0.6475781135822827
-64.705,17.615,0.6348027321498367
-64.695,17.615,0.6144499922858654
-64.685,17.615,0.5876403535833437
-64.675,17.615,0.5555407183791224
-64.66499999999999,17.615,0.5229342225407789
-64.655,17.615,0.5071817559709192
-64.645,17.615,0.48593860924675336
-64.635,17.615,0.47499312581545283
-64.625,17.615,0.46633479826723057
-64.615,17.615,0.4522082845542543
-64.605,17.615,0.4330221646221488
-64.595,17.615,0.40926922005299293
-64.585,17.615,0.40946157657261373
-64.575,17.615,0.41727381222080107
-64.565,17.615,0.4199012698565804
-64.55499999999999,17.615,0.4172738122207944
-64.545,17.615,0.4094615765726005
-64.535,17.615,0.396665933707003
-64.525,17.615,0.3791949517784753
-64.515,17.615,0.35742987423374584
-64.505,17.615,0.3317901741501208
-64.495,17.615,0.3027031318669806
-64.485,17.615,0.2705810399685058
-64.475,17.615,0.23580652837809524
-65.015,17.604999999999997,0.2993170766873736
-65.005,17.604999999999997,0.3467202516590304
-64.99499999999999,17.604999999999997,0.3927892595013601
-64.985,17.604999999999997,0.43719637480033424
-64.975,17.604999999999997,0.47951605094837535
-64.965,17.604999999999997,0.5191967704426521
-64.955,17.604999999999997,0.5555311780945611
-64.945,17.604999999999997,0.587633772486048
-64.935,17.604999999999997,0.6144460329940691
-64.925,17.604999999999997,0.6348008743911353
-64.91499999999999,17.604999999999997,0.6733406535086603
-64.905,17.604999999999997,0.7185837221693733
-64.895,17.604999999999997,0.75958886105015
-64.88499999999999,17.604999999999997,0.7938119508329212
-64.875,17.604999999999997,0.8173990439916632
-64.865,17.604999999999997,0.8259703809569796
-64.855,17.604999999999997,0.8173990439916845
-64.845,17.604999999999997,0.7938119508329212
-64.835,17.604999999999997,0.767960507942621
-64.825,17.604999999999997,0.7614649770613349
-64.815,17.604999999999997,0.767960507942621
-64.80499999999999,17.604999999999997,0.7614649770613184
-64.795,17.604999999999997,0.7429613821969108
-64.785,17.604999999999997,0.7147772669124064
-64.77499999999999,17.604999999999997,0.6794560460573283
-64.765,17.604999999999997,0.647577632305655
-64.755,17.604999999999997,0.6348008743911141
-64.745,17.604999999999997,0.6144460329940993
-64.735,17.604999999999997,0.5939308888996007
-64.725,17.604999999999997,0.5939308888996007
-64.715,17.604999999999997,0.59018510849281
-64.705,17.604999999999997,0.5791477548758037
-64.695,17.604999999999997,0.5613689206870105
-64.685,17.604999999999997,0.5376256064638887
-64.675,17.604999999999997,0.508781942166055
-64.66499999999999,17.604999999999997,0.475678986407141
-64.655,17.604999999999997,0.4522054958323173
-64.645,17.604999999999997,0.4330173746681547
-64.635,17.604999999999997,0.41727352086634073
-64.625,17.604999999999997,0.4094604265729306
-64.615,17.604999999999997,0.3966634010868696
-64.605,17.604999999999997,0.3791905760584604
-64.595,17.604999999999997,0.35742326876614805
-64.585,17.604999999999997,0.3523856389735548
-64.575,17.604999999999997,0.35950173128881246
-64.565,17.604999999999997,0.36189139684224014
-64.55499999999999,17.604999999999997,0.35950173128880636
-64.545,17.604999999999997,0.3523856389735428
-64.535,17.604999999999997,0.3406961439857138
-64.525,17.604999999999997,0.32467069216423705
-64.515,17.604999999999997,0.30460898844773154
-64.505,17.604999999999997,0.28084874382678915
-64.495,17.604999999999997,0.253743150885014
-64.485,17.604999999999997,0.2236425271673539
-64.475,17.604999999999997,0.190881064711093
-65.015,17.595,0.2687517874077763
-65.005,17.595,0.314042084962194
-64.99499999999999,17.595,0.3577652329266454
-64.985,17.595,0.3995787702903414
-64.975,17.595,0.4390554996322582
-64.965,17.595,0.47566734377269826
-64.955,17.595,0.5087733121280882
-64.945,17.595,0.5376197386777013
-64.935,17.595,0.5613654413843558
-64.925,17.595,0.5951626850023068
-64.91499999999999,17.595,0.639075381754043
-64.905,17.595,0.6794475882902697
-64.895,17.595,0.7147719202427594
-64.88499999999999,17.595,0.7429587453286669
-64.875,17.595,0.7614642667050413
-64.865,17.595,0.7679605079426395
-64.855,17.595,0.7614642667050577
-64.845,17.595,0.7429587453286669
-64.835,17.595,0.7147719202427594
-64.825,17.595,0.70472820174002
-64.815,17.595,0.7099506349282809
-64.80499999999999,17.595,0.7047282017400068
-64.795,17.595,0.6895876341917497
-64.785,17.595,0.6658745143663996
-64.77499999999999,17.595,0.6352570155373842
-64.765,17.595,0.5993147738170557
-64.755,17.595,0.5791461431901919
-64.745,17.595,0.5613654413843825
-64.735,17.595,0.5376197386777013
-64.725,17.595,0.5359210158852605
-64.715,17.595,0.5326397585928839
-64.705,17.595,0.5229313775848883
-64.695,17.595,0.5071755594472668
-64.685,17.595,0.48592804847516025
-64.675,17.595,0.45983650914870156
-64.66499999999999,17.595,0.4295652485678755
-64.655,17.595,0.3966608697251772
-64.645,17.595,0.3791862025251892
-64.635,17.595,0.3595014662793876
-64.625,17.595,0.35238459058436644
-64.615,17.595,0.34069382693527905
-64.605,17.595,0.3246666707162429
-64.595,17.595,0.304602886220123
-64.585,17.595,0.29515719329944756
-64.575,17.595,0.30169022261417
-64.565,17.595,0.3038815238279
-64.55499999999999,17.595,0.30169022261416467
-64.545,17.595,0.29515719329943646
-64.535,17.595,0.284401338921636
-64.525,17.595,0.26960919372665526
-64.515,17.595,0.25101986638355633
-64.505,17.595,0.22890793309063762
-64.495,17.595,0.203566741597483
-64.485,17.595,0.17529391977608166
-64.475,17.595,0.14438003381880238
-65.015,17.584999999999997,0.23500220847152542
-65.005,17.584999999999997,0.27817427495046887
-64.99499999999999,17.584999999999997,0.31959100946034347
-64.985,17.584999999999997,0.3589121180387337
-64.975,17.584999999999997,0.3957283628538416
-64.965,17.584999999999997,0.42955454974150264
-64.955,17.584999999999997,0.45982866302222714
-64.945,17.584999999999997,0.4859227720775542
-64.935,17.584999999999997,0.5163384790822194
-64.925,17.584999999999997,0.5593349861763581
-64.91499999999999,17.584999999999997,0.5993042043589001
-64.905,17.584999999999997,0.6352495844840913
-64.895,17.584999999999997,0.6658699513534709
-64.88499999999999,17.584999999999997,0.6895854512547386
-64.875,17.584999999999997,0.7047276280208516
-64.865,17.584999999999997,0.7099506349282809
-64.855,17.584999999999997,0.704727628020865
-64.845,17.584999999999997,0.6895854512547386
-64.835,17.584999999999997,0.6658699513534709
-64.825,17.584999999999997,0.6475766704668264
-64.815,17.584999999999997,0.6519407619139224
-64.80499999999999,17.584999999999997,0.6475766704668154
-64.795,17.584999999999997,0.6347971616522116
-64.785,17.584999999999997,0.6144381203936566
-64.77499999999999,17.584999999999997,0.5876206203487784
-64.765,17.584999999999997,0.5555121122625024
-64.755,17.584999999999997,0.5229299561657651
-64.745,17.584999999999997,0.5071724635070289
-64.735,17.584999999999997,0.4859227720775542
-64.725,17.584999999999997,0.477911142870902
-64.715,17.584999999999997,0.4749921563753111
-64.705,17.584999999999997,0.466330983430581
-64.695,17.584999999999997,0.4521999225548634
-64.685,17.584999999999997,0.4330078019647001
-64.675,17.584999999999997,0.40924768088606744
-64.66499999999999,17.584999999999997,0.38144573844430874
-64.655,17.584999999999997,0.35012049702299664
-64.645,17.584999999999997,0.32466265127427096
-64.635,17.584999999999997,0.30459678705371673
-64.625,17.584999999999997,0.29515623026945625
-64.615,17.584999999999997,0.2843992046744416
-64.605,17.584999999999997,0.26960547635517484
-64.595,17.584999999999997,0.25101420215906045
-64.585,17.584999999999997,0.237810591654807
-64.575,17.584999999999997,0.24384832947644575
-64.565,17.584999999999997,0.24587165081354145
-64.55499999999999,17.584999999999997,0.24384832947644053
-64.545,17.584999999999997,0.2378105916547968
-64.535,17.584999999999997,0.22785260274013042
-64.525,17.584999999999997,0.21412337132508819
-64.515,17.584999999999997,0.1968162655154535
-64.505,17.584999999999997,0.17615674394488778
-64.495,17.584999999999997,0.15238990507190497
-64.485,17.584999999999997,0.12576913880881901
-64.475,17.584999999999997,0.0965466878005572
